"#","Game","Release date","Price","Score rank(Userscore / Metascore)","Owners","Playtime (Median)","Developer(s)","Publisher(s)"
"30","Terraria","May 16, 2011","$9.99","N/A (N/A/83%)","20,000,000 .. 50,000,000","10:00 (04:07)","Re-Logic","Re-Logic"
"1","Portal 2","Apr 18, 2011","$9.99","N/A (N/A/95%)","10,000,000 .. 20,000,000","02:11 (01:37)","Valve","Valve"
"2","The Elder Scrolls V: Skyrim","Nov 10, 2011","$19.99","N/A (N/A/94%)","5,000,000 .. 10,000,000","04:21 (06:30)","Bethesda Game Studios","Bethesda Softworks"
"18","STAR WARS: The Old Republic","Dec 20, 2011","Free","N/A (N/A/85%)","5,000,000 .. 10,000,000","21:24 (26:36)","Broadsword","Electronic Arts"
"176","APB Reloaded","Dec 6, 2011","Free","N/A (N/A)","5,000,000 .. 10,000,000","00:00 (00:00)","Reloaded Productions","Little Orbit"
"177","No More Room in Hell","Oct 31, 2011","Free","N/A (N/A)","5,000,000 .. 10,000,000","01:15 (00:45)","No More Room in Hell Team","Lever Games"
"5","Total War: SHOGUN 2","Mar 15, 2011","$29.99","N/A (N/A/90%)","2,000,000 .. 5,000,000","07:09 (07:09)","CREATIVE ASSEMBLY, Feral Interactive (Mac), Feral Interactive (Linux)","SEGA, Feral Interactive (Mac), Feral Interactive (Linux)"
"9","LIMBO","Aug 2, 2011","$9.99","N/A (N/A/88%)","2,000,000 .. 5,000,000","00:00 (00:00)","Playdead","Playdead"
"16","Bastion","Aug 16, 2011","$14.99","N/A (N/A/86%)","2,000,000 .. 5,000,000","00:00 (00:00)","Supergiant Games","Supergiant Games"
"42","Dungeon Defenders","Oct 18, 2011","$14.99","N/A (N/A/81%)","2,000,000 .. 5,000,000","00:05 (00:03)","Chromatic Games","Chromatic Games"
"53","Tropico 4","Sep 1, 2011","$14.99","N/A (N/A/78%)","2,000,000 .. 5,000,000","00:00 (00:00)","Haemimont Games","Kalypso Media Digital"
"60","Mafia II (Classic)","Mar 22, 2011","$9.89","N/A (N/A/77%)","2,000,000 .. 5,000,000","00:00 (00:00)","2K Czech","2K"
"67","Red Orchestra 2: Heroes of Stalingrad with Rising Storm","Sep 13, 2011","$19.99","N/A (N/A/76%)","2,000,000 .. 5,000,000","00:00 (00:00)","Tripwire Interactive","Tripwire Interactive"
"68","PAYDAY The Heist","Oct 20, 2011","$14.99","N/A (N/A/76%)","2,000,000 .. 5,000,000","00:00 (00:00)","OVERKILL Software","Daybreak Game Company"
"76","Alice: Madness Returns","Jun 17, 2011","$19.99","N/A (N/A/75%)","2,000,000 .. 5,000,000","00:01 (00:00)","Spicy Horse Games","Electronic Arts"
"83","Warhammer 40,000: Space Marine - Anniversary Edition","Sep 5, 2011","$59.99","N/A (N/A/74%)","2,000,000 .. 5,000,000","00:00 (00:00)","Relic Entertainment","SEGA"
"92","DC Universe Online","Nov 2, 2011","Free","N/A (N/A/72%)","2,000,000 .. 5,000,000","00:00 (00:00)","Dimensional Ink Games","Daybreak Game Company"
"93","Serious Sam 3: BFE","Nov 22, 2011","$29.99","N/A (N/A/72%)","2,000,000 .. 5,000,000","00:00 (00:00)","Croteam","Devolver Digital"
"109","Homefront","Mar 14, 2011","$1.99","N/A (N/A/70%)","2,000,000 .. 5,000,000","00:00 (00:00)","Kaos Studios, Digital Extremes","Deep Silver"
"126","Spiral Knights","Jun 14, 2011","Free","N/A (N/A/64%)","2,000,000 .. 5,000,000","00:00 (00:00)","Grey Havens","Grey Havens"
"131","The Tiny Bang Story","Apr 22, 2011","$4.99","N/A (N/A/63%)","2,000,000 .. 5,000,000","00:00 (00:00)","Colibri Games","Colibri Games"
"311","Warhammer 40,000: Dawn of War II: Retribution","Feb 28, 2011","$29.99","N/A (N/A)","2,000,000 .. 5,000,000","00:00 (00:00)","Relic Entertainment, Feral Interactive (Mac/Linux)","SEGA, Feral Interactive (Mac/Linux)"
"314","Call of Duty: Modern Warfare 3 (2011)","Nov 8, 2011","$19.99","N/A (N/A)","2,000,000 .. 5,000,000","00:00 (00:00)","Infinity Ward, Sledgehammer Games","Activision"
"7","Max Payne","Jan 6, 2011","$9.99","N/A (N/A/89%)","1,000,000 .. 2,000,000","00:00 (00:00)","Remedy Entertainment","Rockstar Games"
"8","Assassin’s Creed Brotherhood","Mar 22, 2011","$19.99","N/A (N/A/88%)","1,000,000 .. 2,000,000","00:00 (00:00)","Ubisoft Montreal","Ubisoft"
"20","SpaceChem","Mar 2, 2011","$9.99","N/A (N/A/84%)","1,000,000 .. 2,000,000","00:00 (00:00)","Zachtronics","Zachtronics"
"22","Saints Row: The Third","Nov 14, 2011","$9.99","N/A (N/A/84%)","1,000,000 .. 2,000,000","00:27 (00:13)","Volition","Deep Silver"
"29","L.A. Noire","Nov 8, 2011","$19.99","N/A (N/A/83%)","1,000,000 .. 2,000,000","00:05 (00:05)","Team Bondi, Rockstar Leeds","Rockstar Games"
"45","Assassin's Creed Revelations","Nov 29, 2011","$19.99","N/A (N/A/80%)","1,000,000 .. 2,000,000","00:00 (00:00)","Ubisoft Montreal","Ubisoft"
"52","Cthulhu Saves the World","Jul 13, 2011","$2.99","N/A (N/A/78%)","1,000,000 .. 2,000,000","00:00 (00:00)","Zeboyd Digital Entertainment LLC","Zeboyd Digital Entertainment LLC"
"59","Sonic Generations Collection","Nov 3, 2011","$19.99","N/A (N/A/77%)","1,000,000 .. 2,000,000","01:36 (00:48)","Devil's Details","SEGA"
"74","Red Faction: Armageddon","Jun 6, 2011","$19.99","N/A (N/A/75%)","1,000,000 .. 2,000,000","00:00 (00:00)","Volition","Deep Silver"
"82","F.E.A.R. 3","Jun 21, 2011","$19.99","N/A (N/A/74%)","1,000,000 .. 2,000,000","00:00 (00:00)","Day 1 Studios","Warner Bros. Interactive Entertainment"
"107","Sanctum","Apr 15, 2011","$0.99","N/A (N/A/70%)","1,000,000 .. 2,000,000","00:00 (00:00)","Coffee Stain Studios","Coffee Stain Publishing"
"108","BRINK","May 9, 2011","Free","N/A (N/A/70%)","1,000,000 .. 2,000,000","00:00 (00:00)","Splash Damage","Bethesda Softworks"
"116","Mount & Blade: With Fire & Sword","May 3, 2011","$9.99","N/A (N/A/68%)","1,000,000 .. 2,000,000","00:00 (00:00)","TaleWorlds Entertainment","TaleWorlds Entertainment"
"148","Duke Nukem Forever","Jun 13, 2011","$19.99","N/A (N/A/54%)","1,000,000 .. 2,000,000","00:00 (00:00)","Gearbox Software","2K"
"149","Dino D-Day","Apr 8, 2011","$9.99","N/A (N/A/53%)","1,000,000 .. 2,000,000","00:00 (00:00)","800 North and Digital Ranch","800 North and Digital Ranch"
"309","ARMA: Cold War Assault","Aug 8, 2011","$0.99","N/A (N/A)","1,000,000 .. 2,000,000","00:00 (00:00)","Bohemia Interactive","Bohemia Interactive"
"312","Crysis 2 - Maximum Edition","Mar 22, 2011","$29.99","N/A (N/A)","1,000,000 .. 2,000,000","00:01 (00:00)","Crytek Studios","Electronic Arts"
"3","Galactic Civilizations II: Ultimate Edition","Dec 2, 2011","$19.99","N/A (N/A/92%)","500,000 .. 1,000,000","00:00 (00:00)","Stardock Entertainment","Stardock Entertainment"
"6","Battlefield 3","Oct 28, 2011","$39.99","N/A (N/A/89%)","500,000 .. 1,000,000","00:00 (00:00)","DICE","Electronic Arts"
"13","Supreme Commander","Sep 28, 2011","$12.99","N/A (N/A/86%)","500,000 .. 1,000,000","00:00 (00:00)","Gas Powered Games","Square Enix"
"14","Dungeon Siege","Apr 5, 2011","$6.99","N/A (N/A/86%)","500,000 .. 1,000,000","00:00 (00:00)","Gas Powered Games","Square Enix"
"15","The Sims 3","Jan 27, 2011","$19.99","N/A (N/A/86%)","500,000 .. 1,000,000","17:39 (17:39)","The Sims Studio","Electronic Arts"
"17","Frozen Synapse","May 26, 2011","$24.99","N/A (N/A/85%)","500,000 .. 1,000,000","00:00 (00:00)","Mode 7","Mode 7"
"21","The Binding of Isaac","Sep 28, 2011","$4.99","N/A (N/A/84%)","500,000 .. 1,000,000","00:09 (00:04)","Edmund McMillen, Florian Himsl","Edmund McMillen"
"23","EverQuest II","Dec 7, 2011","Free","N/A (N/A/83%)","500,000 .. 1,000,000","00:00 (00:00)","Darkpaw Games","Daybreak Game Company"
"24","Universe Sandbox Legacy","Apr 29, 2011","N/A","N/A (N/A/83%)","500,000 .. 1,000,000","00:00 (00:00)","Giant Army","Giant Army"
"25","Cave Story+","Nov 22, 2011","$14.99","N/A (N/A/83%)","500,000 .. 1,000,000","00:00 (00:00)","Nicalis, Inc., Studio Pixel","Nicalis, Inc."
"26","Fable - The Lost Chapters","Dec 19, 2011","$9.99","N/A (N/A/83%)","500,000 .. 1,000,000","00:00 (00:00)","Lionhead Studios","Xbox Game Studios"
"27","Anno 2070","Nov 17, 2011","$19.99","N/A (N/A/83%)","500,000 .. 1,000,000","00:14 (00:07)","Blue Byte, Related Designs","Ubisoft"
"34","Dragon Age II: Ultimate Edition","Mar 8, 2011","$29.99","N/A (N/A/82%)","500,000 .. 1,000,000","00:00 (00:00)","BioWare","Electronic Arts"
"35","Syberia","May 19, 2011","$12.99","N/A (N/A/82%)","500,000 .. 1,000,000","00:00 (00:00)","Microids","Microids"
"40","Jamestown","Jun 8, 2011","$4.99","N/A (N/A/81%)","500,000 .. 1,000,000","00:00 (00:00)","Final Form Games","Final Form Games"
"41","Supreme Commander: Forged Alliance","Sep 28, 2011","$12.99","N/A (N/A/81%)","500,000 .. 1,000,000","00:00 (00:00)","Gas Powered Games","Square Enix"
"44","Anomaly: Warzone Earth","Apr 8, 2011","$9.99","N/A (N/A/80%)","500,000 .. 1,000,000","00:00 (00:00)","11 bit studios","11 bit studios"
"48","Bloodline Champions","Jan 13, 2011","Free","N/A (N/A/79%)","500,000 .. 1,000,000","00:00 (00:00)","Stunlock Studios","Stunlock Studios"
"50","RAGE","Oct 3, 2011","$9.99","N/A (N/A/79%)","500,000 .. 1,000,000","00:00 (00:00)","id Software","Bethesda Softworks"
"55","Section 8: Prejudice","May 4, 2011","N/A","N/A (N/A/77%)","500,000 .. 1,000,000","00:00 (00:00)","TimeGate Studios","Atari"
"57","Might & Magic: Heroes VI","Oct 13, 2011","$29.99","N/A (N/A/77%)","500,000 .. 1,000,000","00:00 (00:00)","Blackhole","Ubisoft"
"58","Men of War: Assault Squad","Feb 24, 2011","$9.99","N/A (N/A/77%)","500,000 .. 1,000,000","00:00 (00:00)","Digitalmindsoft","Fulqrum Publishing"
"66","LEGO Star Wars III - The Clone Wars","Mar 22, 2011","$19.99","N/A (N/A/76%)","500,000 .. 1,000,000","00:00 (00:00)","Traveller's Tales","LucasArts, Lucasfilm, Disney"
"75","Two Worlds II HD","Feb 3, 2011","$19.99","N/A (N/A/75%)","500,000 .. 1,000,000","00:00 (00:00)","Reality Pump Studios","Topware Interactive, ACE"
"80","Space Pirates and Zombies","Aug 15, 2011","$9.99","N/A (N/A/74%)","500,000 .. 1,000,000","00:00 (00:00)","MinMax Games Ltd.","MinMax Games Ltd."
"121","Lord of the Rings: War in the North","Nov 1, 2011","N/A","N/A (N/A/66%)","500,000 .. 1,000,000","00:00 (00:00)","Snowblind Studios","Warner Bros. Interactive Entertainment"
"130","Puzzle Agent 2","Jun 30, 2011","$4.99","N/A (N/A/63%)","500,000 .. 1,000,000","00:00 (00:00)","Telltale","Telltale"
"299","ARMA: Gold Edition","Jul 13, 2011","$1.99","N/A (N/A)","500,000 .. 1,000,000","00:00 (00:00)","Bohemia Interactive","Bohemia Interactive"
"301","Breath of Death VII","Jul 13, 2011","$2.99","N/A (N/A)","500,000 .. 1,000,000","00:00 (00:00)","Zeboyd Digital Entertainment LLC","Zeboyd Digital Entertainment LLC"
"308","BEEP","May 6, 2011","Free","N/A (N/A)","500,000 .. 1,000,000","00:00 (00:00)","Big Fat Alien","Big Fat Alien"
"310","E.Y.E: Divine Cybermancy","Jul 29, 2011","$9.99","N/A (N/A)","500,000 .. 1,000,000","00:00 (00:00)","Streum On Studio","Streum On Studio"
"313","Sonic Adventure DX","Mar 4, 2011","$7.99","N/A (N/A)","500,000 .. 1,000,000","00:00 (00:00)","SEGA","SEGA"
"12","Dead Space 2","Jan 25, 2011","$19.99","N/A (N/A/87%)","200,000 .. 500,000","00:52 (00:26)","Visceral Games","Electronic Arts"
"28","Orcs Must Die!","Oct 11, 2011","$9.99","N/A (N/A/83%)","200,000 .. 500,000","00:00 (00:00)","Robot Entertainment","Robot Entertainment"
"32","Waves","Nov 16, 2011","Free","N/A (N/A/82%)","200,000 .. 500,000","00:00 (00:00)","Squid In A Box Ltd","Squid In A Box Ltd"
"33","Gemini Rue","Oct 26, 2011","$9.99","N/A (N/A/82%)","200,000 .. 500,000","00:00 (00:00)","Joshua Nuernberger","Wadjet Eye Games"
"39","Darkest Hour: A Hearts of Iron Game","Apr 8, 2011","$9.99","N/A (N/A/81%)","200,000 .. 500,000","00:00 (00:00)","Martin Ivanov","Paradox Interactive"
"43","Capsized","Apr 29, 2011","$9.99","N/A (N/A/80%)","200,000 .. 500,000","00:00 (00:00)","Alientrap","Alientrap"
"47","Revenge of the Titans","Mar 16, 2011","$19.99","N/A (N/A/79%)","200,000 .. 500,000","00:00 (00:00)","Puppygames","Puppygames"
"49","Dungeons of Dredmor","Jul 13, 2011","$7.99","N/A (N/A/79%)","200,000 .. 500,000","00:00 (00:00)","Gaslamp Games, Inc.","Gaslamp Games, Inc."
"51","NightSky","Mar 1, 2011","$9.99","N/A (N/A/78%)","200,000 .. 500,000","00:00 (00:00)","Nicalis, Inc.","Nicalis, Inc."
"56","Magic: The Gathering - Duels of the Planeswalkers 2012","Jun 15, 2011","N/A","N/A (N/A/77%)","200,000 .. 500,000","00:00 (00:00)","Stainless Games Ltd","Wizards of the Coast LLC"
"63","From Dust","Aug 17, 2011","$14.99","N/A (N/A/76%)","200,000 .. 500,000","00:00 (00:00)","Ubisoft Montpellier","Ubisoft"
"64","Might & Magic: Clash of Heroes","Sep 22, 2011","N/A","N/A (N/A/76%)","200,000 .. 500,000","00:00 (00:00)","Capybara Games","Ubisoft"
"65","Renegade Ops","Oct 26, 2011","$15","N/A (N/A/76%)","200,000 .. 500,000","00:00 (00:00)","Avalanche Studios","SEGA"
"71","Avadon: The Black Fortress","Aug 17, 2011","$9.99","N/A (N/A/75%)","200,000 .. 500,000","00:00 (00:00)","Spiderweb Software","Spiderweb Software"
"73","Atom Zombie Smasher","Mar 14, 2011","$9.99","N/A (N/A/75%)","200,000 .. 500,000","00:00 (00:00)","Blendo Games","Blendo Games"
"79","EDGE","Aug 11, 2011","$6.99","N/A (N/A/74%)","200,000 .. 500,000","00:00 (00:00)","Two Tribes","Two Tribes Publishing"
"81","Rock of Ages","Sep 7, 2011","$9.99","N/A (N/A/74%)","200,000 .. 500,000","00:00 (00:00)","ACE Team","SEGA"
"84","Magicka","Jan 25, 2011","$9.99","N/A (N/A/74%)","200,000 .. 500,000","00:44 (00:22)","Arrowhead Game Studios","Paradox Interactive"
"89","Blocks That Matter","Aug 19, 2011","$4.99","N/A (N/A/72%)","200,000 .. 500,000","00:00 (00:00)","Swing Swing Submarine",""
"90","Dungeon Siege III","Jun 20, 2011","$14.99","N/A (N/A/72%)","200,000 .. 500,000","00:00 (00:00)","Obsidian Entertainment","Square Enix"
"91","Solar 2","Jun 17, 2011","$9.99","N/A (N/A/72%)","200,000 .. 500,000","00:00 (00:00)","Murudai","Murudai"
"104","Take On Helicopters","Oct 27, 2011","$3.99","N/A (N/A/70%)","200,000 .. 500,000","00:00 (00:00)","Bohemia Interactive","Bohemia Interactive"
"105","Cities in Motion","Feb 22, 2011","$19.99","N/A (N/A/70%)","200,000 .. 500,000","00:00 (00:00)","Colossal Order Ltd.","Paradox Interactive"
"115","Men of War: Vietnam","Sep 8, 2011","$7.99","N/A (N/A/68%)","200,000 .. 500,000","00:00 (00:00)","Fulqrum Publishing","Fulqrum Publishing"
"119","Dead Rising 2: Off the Record","Oct 11, 2011","$19.99","N/A (N/A/66%)","200,000 .. 500,000","00:01 (00:00)","Capcom Vancouver","Capcom"
"120","Worms Ultimate Mayhem","Sep 28, 2011","$14.99","N/A (N/A/66%)","200,000 .. 500,000","00:00 (00:00)","Team17 Digital Ltd","Team17 Digital Ltd"
"123","Dungeons","Feb 10, 2011","$9.99","N/A (N/A/65%)","200,000 .. 500,000","00:00 (00:00)","Realmforge Studios","Kalypso Media Digital"
"124","Serious Sam: The Random Encounter","Oct 24, 2011","$4.99","N/A (N/A/64%)","200,000 .. 500,000","00:00 (00:00)","Vlambeer, Croteam","Devolver Digital"
"125","Hydrophobia: Prophecy","May 9, 2011","$4.99","N/A (N/A/64%)","200,000 .. 500,000","00:00 (00:00)","Dark Energy Digital Ltd.","Dark Energy Digital Ltd."
"133","Chantelise - A Tale of Two Sisters","Jul 29, 2011","$9.99","N/A (N/A/62%)","200,000 .. 500,000","00:00 (00:00)","EasyGameStation","Carpe Fulgur LLC"
"134","Hunted: The Demon’s Forge","May 30, 2011","$4.99","N/A (N/A/61%)","200,000 .. 500,000","00:00 (00:00)","inXile Entertainment","Bethesda Softworks"
"157","Painkiller Redemption","Feb 25, 2011","$0.99","N/A (N/A/43%)","200,000 .. 500,000","00:00 (00:00)","Eggtooth Team","Prime Matter"
"172","Memoir '44 Online","Oct 12, 2011","Free","N/A (N/A)","200,000 .. 500,000","00:00 (00:00)","Days of Wonder","Days of Wonder, Twin Sails Interactive"
"174","Majesty 2 Collection","Apr 19, 2011","N/A","N/A (N/A)","200,000 .. 500,000","00:00 (00:00)","1C:InoCo","Paradox Interactive"
"175","Puzzle Pirates","Aug 31, 2011","Free","N/A (N/A)","200,000 .. 500,000","00:00 (00:00)","Grey Havens","Grey Havens"
"265","Hacker Evolution Duality","Aug 15, 2011","$0.99","N/A (N/A)","200,000 .. 500,000","00:00 (00:00)","exosyphen studios","exosyphen studios"
"268","Alien Hallway","Aug 19, 2011","$4.99","N/A (N/A)","200,000 .. 500,000","00:00 (00:00)","Sigma Team Inc.","Sigma Team Inc."
"273","Worms Pinball","Oct 19, 2011","$1.99","N/A (N/A)","200,000 .. 500,000","00:00 (00:00)","Team17 Digital Ltd","Team17 Digital Ltd"
"287","Two Worlds II Castle Defense","Jun 14, 2011","$9.99","N/A (N/A)","200,000 .. 500,000","00:00 (00:00)","Reality Pump Studios","Topware Interactive"
"290","Worms Crazy Golf","Oct 19, 2011","$1.99","N/A (N/A)","200,000 .. 500,000","00:00 (00:00)","Team17 Digital Ltd","Team17 Digital Ltd"
"291","Gothic 3: Forsaken Gods Enhanced Edition","Mar 22, 2011","$9.99","N/A (N/A)","200,000 .. 500,000","00:00 (00:00)","Trine Studios, G3 Community Patch Team, Mad Vulture Games","THQ Nordic"
"292","Portal 2 - The Final Hours","May 17, 2011","$1.99","N/A (N/A)","200,000 .. 500,000","00:00 (00:00)","Geoff Keighley","Geoff Keighley"
"293","Serious Sam Double D XXL","Aug 30, 2011","$9.99","N/A (N/A)","200,000 .. 500,000","00:00 (00:00)","Mommy's Best Games, Croteam","Devolver Digital"
"296","AaaaaAAaaaAAAaaAAAAaAAAAA!!! for the Awesome","Nov 23, 2011","$9.99","N/A (N/A)","200,000 .. 500,000","00:00 (00:00)","Dejobaan Games, LLC, Owlchemy Labs","Dejobaan Games, LLC"
"297","HOARD","Apr 4, 2011","$3.99","N/A (N/A)","200,000 .. 500,000","00:00 (00:00)","Big Sandwich Games, Stratecade LLC","Stratecade LLC"
"300","DETOUR","May 16, 2011","$1.99","N/A (N/A)","200,000 .. 500,000","00:00 (00:00)","Geoff 'Zag' Keene, Richard Keene","Geoff 'Zag' Keene"
"302","Trainz Simulator 12","Jun 8, 2011","$9.99","N/A (N/A)","200,000 .. 500,000","00:00 (00:00)","N3V Games","N3V Games"
"304","Go! Go! Nippon! ~My First Trip to Japan~","Sep 30, 2011","$9.99","N/A (N/A)","200,000 .. 500,000","00:00 (00:00)","OVERDRIVE","MangaGamer"
"305","Crazy Taxi","Mar 4, 2011","$7.99","N/A (N/A)","200,000 .. 500,000","00:00 (00:00)","SEGA","SEGA"
"306","BIT.TRIP RUNNER","Feb 28, 2011","$9.99","N/A (N/A)","200,000 .. 500,000","00:00 (00:00)","Gaijin Games, Choice Provisions","Gaijin Games, Choice Provisions"
"307","Costume Quest","Oct 14, 2011","$9.99","N/A (N/A)","200,000 .. 500,000","00:00 (00:00)","Double Fine Productions","Double Fine Productions"
"11","Sins of a Solar Empire: Trinity","Nov 16, 2011","$19.99","N/A (N/A/87%)","100,000 .. 200,000","00:00 (00:00)","Ironclad Games, Stardock Entertainment","Stardock Entertainment"
"19","Shift 2 Unleashed","Mar 29, 2011","N/A","N/A (N/A/84%)","100,000 .. 200,000","00:00 (00:00)","Slightly Mad Studios","Electronic Arts"
"31","Monday Night Combat","Jan 24, 2011","$4.99","N/A (N/A/82%)","100,000 .. 200,000","00:00 (00:00)","Uber Entertainment","Uber Entertainment"
"37","Critical Mass","Jun 20, 2011","$1.99","N/A (N/A/81%)","100,000 .. 200,000","00:00 (00:00)","Manic Game Studios","Manic Game Studios"
"38","Rochard","Nov 15, 2011","N/A","N/A (N/A/81%)","100,000 .. 200,000","00:00 (00:00)","Recoil Games","Warner Bros. Interactive Entertainment"
"70","Hector: Badge of Carnage - Full Series","Apr 27, 2011","$14.99","N/A (N/A/75%)","100,000 .. 200,000","00:00 (00:00)","Telltale","Telltale"
"72","The Next BIG Thing","Apr 21, 2011","$4.99","N/A (N/A/75%)","100,000 .. 200,000","00:00 (00:00)","Pendulo Studios","Focus Entertainment"
"85","SkyDrift","Nov 21, 2011","$9.99","N/A (N/A/73%)","100,000 .. 200,000","00:00 (00:00)","Digital Reality","HandyGames"
"98","Fallen Earth Free2Play","Oct 12, 2011","Free","N/A (N/A/71%)","100,000 .. 200,000","00:00 (00:00)","Little Orbit","Little Orbit"
"101","Sengoku","Sep 15, 2011","$9.99","N/A (N/A/70%)","100,000 .. 200,000","00:00 (00:00)","Paradox Development Studio","Paradox Interactive"
"103","Fate of the World: Tipping Point","Sep 29, 2011","$18.99","N/A (N/A/70%)","100,000 .. 200,000","00:00 (00:00)","Red Redemption","Red Redemption"
"106","Before the Echo","Oct 20, 2011","$4.99","N/A (N/A/70%)","100,000 .. 200,000","00:00 (00:00)","Iridium Studios",""
"111","Runespell: Overture","Jul 20, 2011","$9.99","N/A (N/A/69%)","100,000 .. 200,000","00:00 (00:00)","Mystic Box","Mystic Box"
"112","Cossacks II: Battle for Europe","Aug 26, 2011","$4.99","N/A (N/A/69%)","100,000 .. 200,000","00:00 (00:00)","GSC Game World","GSC World Publishing"
"122","Air Conflicts: Secret Wars","Sep 30, 2011","$3.29","N/A (N/A/65%)","100,000 .. 200,000","00:00 (00:00)","Games Farm, 3Division","Games Farm"
"127","Disciples III - Resurrection","Oct 11, 2011","$9.99","N/A (N/A/63%)","100,000 .. 200,000","00:00 (00:00)","Akella, .dat","Kalypso Media Digital"
"132","Trauma","Aug 8, 2011","$2.99","N/A (N/A/62%)","100,000 .. 200,000","00:00 (00:00)","Krystian Majewski","Krystian Majewski"
"136","IL-2 Sturmovik: Cliffs of Dover","Jul 19, 2011","N/A","N/A (N/A/60%)","100,000 .. 200,000","00:00 (00:00)","1C: Maddox Games","Fulqrum Publishing"
"140","Naval Warfare","May 25, 2011","$2.99","N/A (N/A/57%)","100,000 .. 200,000","00:00 (00:00)","Game Distillery s.r.o.","Immanitas Entertainment GmbH"
"141","The First Templar - Steam Special Edition","May 12, 2011","$9.99","N/A (N/A/57%)","100,000 .. 200,000","00:00 (00:00)","Haemimont Games","Kalypso Media Digital"
"145","Steel Storm: Burning Retribution","May 11, 2011","$14.99","N/A (N/A/55%)","100,000 .. 200,000","00:00 (00:00)","Kot in Action Creative Artel","Kot in Action Creative Artel"
"151","Trapped Dead","Jul 15, 2011","$0.69","N/A (N/A/50%)","100,000 .. 200,000","00:00 (00:00)","Crenetic","Headup Publishing"
"153","Dungeons and Dragons: Daggerdale","Jun 24, 2011","$14.99","N/A (N/A/49%)","100,000 .. 200,000","00:00 (00:00)","Bedlam Games","Atari"
"156","Post Apocalyptic Mayhem","Mar 17, 2011","$9.99","N/A (N/A/44%)","100,000 .. 200,000","00:00 (00:00)","Steel Monkeys","Next Dimension Game Adventures Ltd."
"160","Flatout 3: Chaos & Destruction","Dec 13, 2011","$9.99","N/A (N/A/23%)","100,000 .. 200,000","00:00 (00:00)","Team 6 Studios","Strategy First"
"165","Treasure Adventure Game","Nov 26, 2011","Free","N/A (N/A)","100,000 .. 200,000","00:00 (00:00)","Robit Games","Robit Games"
"173","The Cat and the Coup","Jun 15, 2011","Free","N/A (N/A)","100,000 .. 200,000","00:00 (00:00)","Peter Brinson and Kurosh ValaNejad","Peter Brinson and Kurosh ValaNejad, USC Games"
"249","Agricultural Simulator 2011: Extended Edition","Feb 23, 2011","$2.99","N/A (N/A)","100,000 .. 200,000","00:00 (00:00)","Actalogic","Libredia"
"260","Fractal: Make Blooms Not War","Nov 29, 2011","$6.99","N/A (N/A)","100,000 .. 200,000","00:00 (00:00)","Cipher Prime Studios","Cipher Prime Studios"
"277","A Game of Thrones - Genesis","Sep 28, 2011","$9.99","N/A (N/A)","100,000 .. 200,000","00:00 (00:00)","Cyanide Studios","1C-SoftClub"
"294","Myst: Masterpiece Edition","Feb 2, 2011","$5.99","N/A (N/A)","100,000 .. 200,000","00:00 (00:00)","Cyan Worlds Inc","Cyan Worlds Inc"
"295","Dwarfs!?","May 4, 2011","$9.99","N/A (N/A)","100,000 .. 200,000","00:00 (00:00)","Power of 2","Tripwire Interactive"
"298","SEGA Bass Fishing","Mar 4, 2011","$7.99","N/A (N/A)","100,000 .. 200,000","00:00 (00:00)","SEGA","SEGA"
"303","Space Channel 5: Part 2","Mar 4, 2011","$7.99","N/A (N/A)","100,000 .. 200,000","00:00 (00:00)","SEGA","SEGA"
"36","Kohan II: Kings of War","Aug 24, 2011","$9.99","N/A (N/A/81%)","50,000 .. 100,000","00:00 (00:00)","TimeGate Studios","TimeGate Studios"
"46","Runaway: A Twist of Fate","Apr 21, 2011","$4.99","N/A (N/A/79%)","50,000 .. 100,000","00:00 (00:00)","Pendulo Studios","Focus Entertainment"
"54","Hamilton's Great Adventure","May 31, 2011","$9.99","N/A (N/A/77%)","50,000 .. 100,000","00:00 (00:00)","Fatshark","Fatshark"
"77","Cossacks: European Wars","Aug 26, 2011","$4.99","N/A (N/A/74%)","50,000 .. 100,000","00:00 (00:00)","GSC Game World","GSC World Publishing"
"78","Fortix 2","May 6, 2011","$1.99","N/A (N/A/74%)","50,000 .. 100,000","00:00 (00:00)","Nemesys Games","Nemesys Games"
"88","Dungeons - The Dark Lord","Sep 27, 2011","$9.99","N/A (N/A/72%)","50,000 .. 100,000","00:00 (00:00)","Realmforge Studios","Kalypso Media Digital"
"100","Pride of Nations","Jun 7, 2011","$19.99","N/A (N/A/70%)","50,000 .. 100,000","00:00 (00:00)","Ageod","Slitherine Ltd."
"102","Fate of the World","Feb 28, 2011","$9.99","N/A (N/A/70%)","50,000 .. 100,000","00:00 (00:00)","Red Redemption","Soothsayer Games"
"110","Lume","May 9, 2011","$5.99","N/A (N/A/69%)","50,000 .. 100,000","00:00 (00:00)","State of Play","State of Play"
"113","Earth Defense Force: Insect Armageddon","Dec 14, 2011","$9.99","N/A (N/A/69%)","50,000 .. 100,000","00:00 (00:00)","Vicious Cycle Software, Inc.","D3Publisher of America, Inc."
"114","A.R.E.S.: Extinction Agenda","Jan 20, 2011","$4.99","N/A (N/A/68%)","50,000 .. 100,000","00:00 (00:00)","Extend Studio","Extend Studio, ORiGO GAMES"
"117","Xotic","Sep 16, 2011","$9.99","N/A (N/A/67%)","50,000 .. 100,000","00:00 (00:00)","WXP Games, LLC","WXP Games, LLC"
"129","The Baconing","Aug 31, 2011","$14.99","N/A (N/A/63%)","50,000 .. 100,000","00:00 (00:00)","Hothead Games","Hothead Games"
"135","Off-Road Drive","Sep 29, 2011","$4.99","N/A (N/A/60%)","50,000 .. 100,000","00:00 (00:00)","1C-Avalon","Fulqrum Publishing"
"137","inMomentum","Oct 31, 2011","$9.99","N/A (N/A/59%)","50,000 .. 100,000","00:00 (00:00)","Digital Arrow","White Rabbit Interactive"
"139","Airline Tycoon 2","Oct 24, 2011","$9.99","N/A (N/A/57%)","50,000 .. 100,000","00:00 (00:00)","b-Alive","Kalypso Media Digital"
"143","Pirates of Black Cove","Aug 2, 2011","$9.99","N/A (N/A/56%)","50,000 .. 100,000","00:00 (00:00)","Nitro Games",""
"144","CreaVures","Feb 23, 2011","$4.99","N/A (N/A/55%)","50,000 .. 100,000","00:00 (00:00)","Muse Games","Muse Games"
"146","King Arthur: Fallen Champions","Sep 16, 2011","$4.99","N/A (N/A/54%)","50,000 .. 100,000","00:00 (00:00)","NeocoreGames","Paradox Interactive"
"152","Theatre of War 3: Korea","Mar 24, 2011","$6.99","N/A (N/A/49%)","50,000 .. 100,000","00:00 (00:00)","Fulqrum Publishing","Fulqrum Publishing"
"154","Garshasp: The Monster Slayer","May 9, 2011","$4.99","N/A (N/A/49%)","50,000 .. 100,000","00:00 (00:00)","Dead Mage","Digital Dragon"
"158","Global Ops: Commando Libya","Oct 26, 2011","$4.99","N/A (N/A/37%)","50,000 .. 100,000","00:00 (00:00)","Spectral Games","Immanitas Entertainment GmbH"
"169","GundeadliGne","Sep 27, 2011","N/A","N/A (N/A)","50,000 .. 100,000","00:00 (00:00)","Platine Dispositif","Rockin' Android"
"238","Real Warfare 2: Northern Crusades","Nov 18, 2011","$4.99","N/A (N/A)","50,000 .. 100,000","00:00 (00:00)","Unicorn Games Studio","Fulqrum Publishing"
"253","Grotesque Tactics 2 – Dungeons and Donuts","Nov 21, 2011","$0.99","N/A (N/A)","50,000 .. 100,000","00:00 (00:00)","Silent Dreams","Headup Publishing"
"257","Gatling Gears","Aug 30, 2011","$9.99","N/A (N/A)","50,000 .. 100,000","00:00 (00:00)","Vanguard Games","Vanguard Games"
"258","Lightfish","Oct 19, 2011","$4.99","N/A (N/A)","50,000 .. 100,000","00:00 (00:00)","Eclipse Games","Team17 Digital Ltd"
"264","iBomber Defense","May 26, 2011","$5.99","N/A (N/A)","50,000 .. 100,000","00:00 (00:00)","Cobra Mobile","Cobra Mobile"
"266","Wasteland Angel","Sep 1, 2011","$4.99","N/A (N/A)","50,000 .. 100,000","00:00 (00:00)","Octane Games","SEGA"
"269","Nancy Drew: Secrets Can Kill REMASTERED","Jul 25, 2011","$6.99","N/A (N/A)","50,000 .. 100,000","00:00 (00:00)","HeR Interactive","HeR Interactive"
"271","Bunch of Heroes","Sep 21, 2011","$4.99","N/A (N/A)","50,000 .. 100,000","00:00 (00:00)","Nimble Giant Entertainment","Nimble Giant Entertainment"
"272","Operation Thunderstorm","May 31, 2011","$4.99","N/A (N/A)","50,000 .. 100,000","00:00 (00:00)","City Interactive S.A.","City Interactive S.A."
"274","Dead Horde","Jul 27, 2011","$5.99","N/A (N/A)","50,000 .. 100,000","00:00 (00:00)","DnS Development","DnS Development"
"275","Demolition Inc.","Sep 19, 2011","$5.99","N/A (N/A)","50,000 .. 100,000","00:00 (00:00)","Zeroscale","Zeroscale"
"276","Cossacks: Art of War","Aug 26, 2011","$4.99","N/A (N/A)","50,000 .. 100,000","00:00 (00:00)","GSC Game World","GSC World Publishing"
"278","Nancy Drew: Shadow at the Water's Edge","Sep 15, 2011","$6.99","N/A (N/A)","50,000 .. 100,000","00:00 (00:00)","HeR Interactive","HeR Interactive"
"279","SATAZIUS","Dec 16, 2011","$5.99","N/A (N/A)","50,000 .. 100,000","00:00 (00:00)","ASTRO PORT","Henteko Doujin"
"281","Drakensang: The River of Time","Jan 11, 2011","$19.99","N/A (N/A)","50,000 .. 100,000","00:00 (00:00)","DTP","Cosmi/ValuSoft"
"282","The Treasures of Montezuma 3","May 19, 2011","$0.99","N/A (N/A)","50,000 .. 100,000","00:00 (00:00)","Alawar Entertainment","ESDigital Games"
"284","ArcaniA: Fall of Setarrif","Oct 24, 2011","$14.99","N/A (N/A)","50,000 .. 100,000","00:00 (00:00)","Spellbound","THQ Nordic"
"286","Time Mysteries 2: The Ancient Spectres","Nov 4, 2011","$14.99","N/A (N/A)","50,000 .. 100,000","00:00 (00:00)","Artifex Mundi","Artifex Mundi"
"288","Mountain Crime: Requital","Dec 24, 2011","$2.99","N/A (N/A)","50,000 .. 100,000","00:00 (00:00)","Alawar Stargaze","Alawar Entertainment"
"4","Batman: Arkham City","Nov 15, 2011","$19.99","N/A (N/A/91%)","20,000 .. 50,000","00:00 (00:00)","Rocksteady Studios","Warner Bros. Interactive Entertainment"
"10","Kohan: Immortal Sovereigns","Aug 24, 2011","$9.99","N/A (N/A/87%)","20,000 .. 50,000","00:00 (00:00)","TimeGate Studios","TimeGate Studios"
"61","Who's That Flying?!","Jan 31, 2011","$5.99","N/A (N/A/76%)","20,000 .. 50,000","00:00 (00:00)","Mediatonic","Kalypso Media Digital"
"69","Tobe's Vertical Adventure","Jul 18, 2011","$0.99","N/A (N/A/75%)","20,000 .. 50,000","00:00 (00:00)","Secret Base","Secret Base"
"94","Europa Universalis III: Divine Wind","Jan 21, 2011","$9.99","N/A (N/A/71%)","20,000 .. 50,000","00:00 (00:00)","Paradox Development Studio","Paradox Interactive"
"95","Sideway New York","Nov 15, 2011","$9.99","N/A (N/A/71%)","20,000 .. 50,000","00:00 (00:00)","Playbrains, Fuel Entertainment","Playbrains"
"118","Virtua Tennis 4","Jun 24, 2011","N/A","N/A (N/A/66%)","20,000 .. 50,000","00:00 (00:00)","SEGA","SEGA"
"128","Supreme Ruler: Cold War","Jul 29, 2011","$9.99","N/A (N/A/63%)","20,000 .. 50,000","00:00 (00:00)","BattleGoat Studios","BattleGoat Studios"
"138","Ignite","Oct 28, 2011","$9.99","N/A (N/A/59%)","20,000 .. 50,000","00:00 (00:00)","Nemesys Games","Nemesys Games"
"147","Achron","Aug 29, 2011","$19.99","N/A (N/A/54%)","20,000 .. 50,000","00:00 (00:00)","Hazardous Software Inc.","Hazardous Software Inc."
"159","Shadow Harvest: Phantom Ops","Apr 5, 2011","$9.99","N/A (N/A/34%)","20,000 .. 50,000","00:00 (00:00)","Black Lion Studios","Viva Media"
"167","Data Jammers: FastForward","Oct 24, 2011","Free","N/A (N/A)","20,000 .. 50,000","00:00 (00:00)","Digital Eel","Digital Eel"
"168","Illyriad - Grand Strategy MMO","May 16, 2011","Free","N/A (N/A)","20,000 .. 50,000","00:00 (00:00)","Illyriad Games","Illyriad Games"
"170","Hitogata Happa","Sep 27, 2011","N/A","N/A (N/A)","20,000 .. 50,000","00:00 (00:00)","Platine Dispositif","Rockin' Android"
"171","Gundemonium Recollection","Sep 27, 2011","N/A","N/A (N/A)","20,000 .. 50,000","00:00 (00:00)","Platine Dispositif","Rockin' Android"
"180","Hamilton's Great Adventure - Retro Fever DLC","Oct 3, 2011","$0.99","N/A (N/A)","20,000 .. 50,000","00:00 (00:00)","Fatshark","Fatshark"
"189","Pioneerz","Mar 11, 2011","$4.99","N/A (N/A)","20,000 .. 50,000","00:00 (00:00)","Andreil Game","Andreil Game"
"209","Dark Disharmony","Feb 25, 2011","$0.99","N/A (N/A)","20,000 .. 50,000","00:00 (00:00)","d3arts.cz","d3arts.cz"
"210","Ironclads: Anglo Russian War 1866","Jun 21, 2011","$4.99","N/A (N/A)","20,000 .. 50,000","00:00 (00:00)","Totem games","Strategy First"
"215","Shining Force II","Jan 26, 2011","$0.99","N/A (N/A)","20,000 .. 50,000","00:00 (00:00)","SEGA","SEGA"
"217","Demonlisher","Jan 1, 2011","$5.99","N/A (N/A)","20,000 .. 50,000","00:00 (00:00)","Brain Bombers","Strategy First"
"224","Shining Force","Jan 26, 2011","$0.99","N/A (N/A)","20,000 .. 50,000","00:00 (00:00)","SEGA","SEGA"
"226","Streets of Rage 2","Jan 26, 2011","$0.99","N/A (N/A)","20,000 .. 50,000","00:00 (00:00)","SEGA","SEGA"
"228","Robin's Island Adventure","Apr 5, 2011","$4.99","N/A (N/A)","20,000 .. 50,000","00:00 (00:00)","Shaman Games","HH-Games"
"229","Dawn of War II: Retribution – The Last Stand","Apr 20, 2011","$9.99","N/A (N/A)","20,000 .. 50,000","00:00 (00:00)","Relic Entertainment, Feral Interactive (Mac/Linux)","SEGA, Feral Interactive (Mac/Linux)"
"231","Ancients of Ooga","May 20, 2011","$9.99","N/A (N/A)","20,000 .. 50,000","00:00 (00:00)","Bacon Wrapped Games","NinjaBee.com"
"233","Astro Tripper","Sep 15, 2011","$4.99","N/A (N/A)","20,000 .. 50,000","00:00 (00:00)","PomPom","Pom Pom Games"
"234","Dead Mountaineer's Hotel","Oct 28, 2011","$7.99","N/A (N/A)","20,000 .. 50,000","00:00 (00:00)","Electronic Paradise","Akella"
"239","Alien Zombie Megadeath","Oct 18, 2011","$4.99","N/A (N/A)","20,000 .. 50,000","00:00 (00:00)","PomPom","Pom Pom Games"
"242","Inside a Star-filled Sky","May 14, 2011","$3.99","N/A (N/A)","20,000 .. 50,000","00:00 (00:00)","Jason Rohrer","Jason Rohrer"
"243","Planet Stronghold","Mar 27, 2011","$18.99","N/A (N/A)","20,000 .. 50,000","00:00 (00:00)","Winter Wolves","Winter Wolves"
"244","Luxor: 5th Passage","Jan 25, 2011","$9.99","N/A (N/A)","20,000 .. 50,000","00:00 (00:00)","MumboJumbo","Accelerate Games"
"245","Nancy Drew: Trail of the Twister","Jul 25, 2011","$6.99","N/A (N/A)","20,000 .. 50,000","00:00 (00:00)","HeR Interactive","HeR Interactive"
"248","Legend of Fae","Jul 26, 2011","$9.99","N/A (N/A)","20,000 .. 50,000","00:00 (00:00)","Endlessfluff Games","Endlessfluff Games"
"251","Cloning Clyde","Mar 15, 2011","$4.99","N/A (N/A)","20,000 .. 50,000","00:00 (00:00)","Bacon Wrapped Games","NinjaBee"
"256","Glowfish","Sep 30, 2011","$9.99","N/A (N/A)","20,000 .. 50,000","00:00 (00:00)","MumboJumbo","Accelerate Games"
"261","Nancy Drew: The Captive Curse","Jul 25, 2011","$6.99","N/A (N/A)","20,000 .. 50,000","00:00 (00:00)","HeR Interactive","HeR Interactive"
"262","Always Remember Me","Apr 17, 2011","$17.99","N/A (N/A)","20,000 .. 50,000","00:00 (00:00)","Winter Wolves","Winter Wolves"
"263","Puzzler World 2","Oct 24, 2011","$4.99","N/A (N/A)","20,000 .. 50,000","00:00 (00:00)","Ideas Pad","Puzzler"
"267","Lucid","Jul 19, 2011","$4.99","N/A (N/A)","20,000 .. 50,000","00:00 (00:00)","YeaBoing","YeaBoing"
"270","Nancy Drew: Alibi in Ashes","Nov 2, 2011","$6.99","N/A (N/A)","20,000 .. 50,000","00:00 (00:00)","HeR Interactive","HeR Interactive"
"280","Demolition Company Gold Edition","Aug 4, 2011","$9.99","N/A (N/A)","20,000 .. 50,000","00:00 (00:00)","Giants Software","Giants Software"
"283","Touhou Shinreibyou ~ Ten Desires.","Aug 13, 2011","$14.99","N/A (N/A)","20,000 .. 50,000","00:00 (00:00)","上海アリス幻樂団","Mediascape Co., Ltd."
"289","Dinner Date","Mar 1, 2011","$3.99","N/A (N/A)","20,000 .. 50,000","00:00 (00:00)","Stout Games","Stout Games"
"62","Demigod","Dec 14, 2011","$9.99","N/A (N/A/76%)","0 .. 20,000","00:00 (00:00)","Gas Powered Games","Stardock Entertainment"
"86","RACE Injection","Nov 18, 2011","$12.99","N/A (N/A/72%)","0 .. 20,000","00:00 (00:00)","SimBin Studios AB","RaceRoom Entertainment AG, SimBin"
"87","Zeit²","Jan 12, 2011","$9.99","N/A (N/A/72%)","0 .. 20,000","00:00 (00:00)","Brightside Games","Ubisoft"
"96","YOU DON’T KNOW JACK","Feb 8, 2011","N/A","N/A (N/A/71%)","0 .. 20,000","00:00 (00:00)","Jellyvision","Nordic Games"
"97","Nuclear Dawn","Sep 26, 2011","$9.99","N/A (N/A/71%)","0 .. 20,000","00:00 (00:00)","GameConnect, InterWave Studios","Iceberg Interactive"
"99","Vertex Dispenser","Jun 10, 2011","$9.99","N/A (N/A/70%)","0 .. 20,000","00:00 (00:00)","Michael Brough","Michael Brough"
"142","Yar's Revenge","Apr 28, 2011","$4.99","N/A (N/A/56%)","0 .. 20,000","00:00 (00:00)","Killspace Entertainment","Atari"
"150","The Haunted: Hells Reach","Oct 24, 2011","$8.99","N/A (N/A/51%)","0 .. 20,000","00:00 (00:00)","KTX Software","Signo & Arte"
"155","APOX","Jan 20, 2011","$14.99","N/A (N/A/48%)","0 .. 20,000","00:00 (00:00)","BlueGiant Interactive","BlueGiant Interactive"
"161","Mishap 2: An Intentional Haunting - Collector's Edition","Jan 28, 2011","N/A","N/A (N/A)","0 .. 20,000","00:00 (00:00)","Virtual Prophecy Entertainment","Namco Networks America, Inc."
"162","Call Me Skyfish","Jun 11, 2011","Free","N/A (N/A)","0 .. 20,000","00:00 (00:00)","UPLN","UPLN"
"163","Tribloos","Feb 6, 2011","Free","N/A (N/A)","0 .. 20,000","00:00 (00:00)","BumpkinBrothers","BumpkinBrothers"
"164","Love And Order","Feb 14, 2011","Free","N/A (N/A)","0 .. 20,000","00:00 (00:00)","Winter Wolves","Winter Wolves"
"166","Z3TA+ 2","Aug 4, 2011","N/A","N/A (N/A)","0 .. 20,000","00:00 (00:00)","Cakewalk","Cakewalk"
"178","The Bloobles and the Quest for Chocolate","Feb 4, 2011","$0.99","N/A (N/A)","0 .. 20,000","00:00 (00:00)","The Revills Games","The Revills Games"
"179","Crazy Toad","Jan 11, 2011","$4.99","N/A (N/A)","0 .. 20,000","00:00 (00:00)","baKno Games","baKno Games"
"181","The Artifacts","Dec 6, 2011","$2.99","N/A (N/A)","0 .. 20,000","00:00 (00:00)","Slap Happy Larry","Slap Happy Larry"
"182","snake::reloaded","Jan 1, 2011","$0.99","N/A (N/A)","0 .. 20,000","00:00 (00:00)","BotBite Industries","BotBite Industries"
"183","Woodcutter Simulator 2011","Jun 18, 2011","$0.79","N/A (N/A)","0 .. 20,000","00:00 (00:00)","United Independent Entertainment","United Independent Entertainment"
"184","Cliff Hanger","Aug 13, 2011","$4.99","N/A (N/A)","0 .. 20,000","00:00 (00:00)","syuuyuusya","syuuyuusya"
"185","Chess","Jun 23, 2011","$4.99","N/A (N/A)","0 .. 20,000","00:00 (00:00)","baKno Games","baKno Games"
"186","Cryptozookeeper","May 27, 2011","$5.99","N/A (N/A)","0 .. 20,000","00:00 (00:00)","Jolt Country","Jolt Country"
"187","Summer Resort Mogul","Jan 5, 2011","$6.99","N/A (N/A)","0 .. 20,000","00:00 (00:00)","In Images","Alawar Entertainment"
"188","Hide and Secret: The Lost World","Nov 19, 2011","$6.99","N/A (N/A)","0 .. 20,000","00:00 (00:00)","Anarchy Enterprises","Pixel After Pixel"
"190","Death and the Fly","May 23, 2011","$9.99","N/A (N/A)","0 .. 20,000","00:00 (00:00)","Independent Programmist Group","Interplay Inc."
"191","Ironclads: Chincha Islands War 1866","Jun 21, 2011","$4.99","N/A (N/A)","0 .. 20,000","00:00 (00:00)","Totem Games","Strategy First"
"192","Demolition Master 3D","Sep 25, 2011","$2.99","N/A (N/A)","0 .. 20,000","00:00 (00:00)","Appmania","Libredia"
"193","Shining in the Darkness","Jan 26, 2011","$0.99","N/A (N/A)","0 .. 20,000","00:00 (00:00)","SEGA","SEGA"
"194","Hotel Mogul: Las Vegas","May 25, 2011","$6.99","N/A (N/A)","0 .. 20,000","00:00 (00:00)","Alawar Southpoint","Alawar Entertainment"
"195","Star Raiders","May 11, 2011","$9.99","N/A (N/A)","0 .. 20,000","00:00 (00:00)","Incinerator Studios","Atari"
"196","Mactabilis","Mar 10, 2011","$2.99","N/A (N/A)","0 .. 20,000","00:00 (00:00)","Blazing Bit Games","Blazing Bit Games"
"197","Tesla: The Weather Man","Mar 11, 2011","$2.99","N/A (N/A)","0 .. 20,000","00:00 (00:00)","Thoughtquake Studios, LLC","Thoughtquake Studios, LLC"
"198","Magikiras","Mar 11, 2011","$11.99","N/A (N/A)","0 .. 20,000","00:00 (00:00)","Hosted Games","Hosted Games"
"199","Light Crusader","Jan 26, 2011","$0.99","N/A (N/A)","0 .. 20,000","00:00 (00:00)","SEGA","SEGA"
"200","Chronicles of Mystery - Secret of the Lost Kingdom","Apr 21, 2011","$4.99","N/A (N/A)","0 .. 20,000","00:00 (00:00)","City Interactive S.A.","City Interactive S.A."
"201","Art of Murder - Deadly Secrets","Jan 28, 2011","$4.99","N/A (N/A)","0 .. 20,000","00:00 (00:00)","City Interactive S.A.","City Interactive S.A."
"202","Landstalker: The Treasures of King Nole","Jan 26, 2011","$0.99","N/A (N/A)","0 .. 20,000","00:00 (00:00)","SEGA","SEGA"
"203","ToeJam & Earl","Jan 26, 2011","$0.99","N/A (N/A)","0 .. 20,000","00:00 (00:00)","SEGA","SEGA"
"204","Wonder Boy III: Monster Lair","Jan 26, 2011","$0.99","N/A (N/A)","0 .. 20,000","00:00 (00:00)","SEGA","SEGA"
"205","Blue Libra","Oct 13, 2011","N/A","N/A (N/A)","0 .. 20,000","00:00 (00:00)","Orator Games","Orator Games"
"206","Trino","Jan 27, 2011","$4.99","N/A (N/A)","0 .. 20,000","00:00 (00:00)","Trinoteam","LoadComplete"
"207","Ironclads: Schleswig War 1864","Jun 21, 2011","$4.99","N/A (N/A)","0 .. 20,000","00:00 (00:00)","Totem Games","Strategy First"
"208","Digital Diamond Baseball V7","Jan 1, 2011","N/A","N/A (N/A)","0 .. 20,000","00:00 (00:00)","Curiosity Computing","Cass Consulting Inc"
"211","Born Tubi Wild","Dec 20, 2011","$2.99","N/A (N/A)","0 .. 20,000","00:00 (00:00)","Dzsembori","Dzsembori"
"212","Direct Hit: Missile War","Mar 1, 2011","$9.99","N/A (N/A)","0 .. 20,000","00:00 (00:00)","Polynetix Studio, WIWD Development","Polynetix Studio, WIWD Development"
"213","Alien Soldier","Jan 26, 2011","$0.99","N/A (N/A)","0 .. 20,000","00:00 (00:00)","SEGA","SEGA"
"214","Agricultural Simulator 2012: Deluxe Edition","Nov 25, 2011","$0.79","N/A (N/A)","0 .. 20,000","00:00 (00:00)","United Independent Entertainment","United Independent Entertainment"
"216","PT Boats: South Gambit","Oct 28, 2011","$6.99","N/A (N/A)","0 .. 20,000","00:00 (00:00)","studio4","Akella"
"218","Greyhound Manager 2 Rebooted","Jan 1, 2011","$14.99","N/A (N/A)","0 .. 20,000","00:00 (00:00)","Strategic Designs Ltd.","Strategic Designs Ltd."
"219","Tales of Lagoona","May 1, 2011","$7.99","N/A (N/A)","0 .. 20,000","00:00 (00:00)","Playcademy","GC Games"
"220","Gunstar Heroes","Jan 26, 2011","$0.99","N/A (N/A)","0 .. 20,000","00:00 (00:00)","SEGA","SEGA"
"221","Streets of Rage","Jan 26, 2011","$0.99","N/A (N/A)","0 .. 20,000","00:00 (00:00)","SEGA","SEGA"
"222","A Stroke of Fate: Operation Valkyrie","Oct 28, 2011","$6.99","N/A (N/A)","0 .. 20,000","00:00 (00:00)","SPLine","Akella"
"223","Elizabeth Find M.D. - Diagnosis Mystery - Season 2","Jun 9, 2011","$19.99","N/A (N/A)","0 .. 20,000","00:00 (00:00)","Gunnar Games, Inc.","Ziggurat"
"225","PT Boats: Knights of the Sea","Oct 28, 2011","$6.99","N/A (N/A)","0 .. 20,000","00:00 (00:00)","Studio4","Akella"
"227","Strategic Command Classic: WWI","Mar 1, 2011","$9.79","N/A (N/A)","0 .. 20,000","00:00 (00:00)","Fury Software","Slitherine Ltd."
"230","Smash Cars","Oct 18, 2011","$9.99","N/A (N/A)","0 .. 20,000","00:00 (00:00)","Creat Studios Inc",""
"232","Entwined: Strings of Deception","Oct 10, 2011","$4.49","N/A (N/A)","0 .. 20,000","00:00 (00:00)","Urchin Games","HH-Games"
"235","B.U.T.T.O.N. (Brutally Unfair Tactics Totally OK Now)","Feb 28, 2011","$2.99","N/A (N/A)","0 .. 20,000","00:00 (00:00)","Copenhagen Game Collective","Copenhagen Game Productions"
"236","The Clockwork Man","Aug 10, 2011","$6.99","N/A (N/A)","0 .. 20,000","00:00 (00:00)","Total Eclipse","Total Eclipse"
"237","The Clockwork Man: The Hidden World","Sep 23, 2011","$9.99","N/A (N/A)","0 .. 20,000","00:00 (00:00)","Total Eclipse P.C.","Total Eclipse P.C."
"240","Close Combat: The Longest Day","Jun 21, 2011","$39.99","N/A (N/A)","0 .. 20,000","00:00 (00:00)","Strategy 3 Tactics","Slitherine LTD."
"241","Close Combat: Wacht am Rhein","Jun 20, 2011","$39.99","N/A (N/A)","0 .. 20,000","04:14 (02:07)","Strategy 3 Tactics","Slitherine LTD."
"246","Close Combat: Cross of Iron","Jun 20, 2011","$39.99","N/A (N/A)","0 .. 20,000","00:00 (00:00)","Strategy 3 Tactics","Slitherine Ltd."
"247","Close Combat: Last Stand Arnhem","Jun 21, 2011","$39.99","N/A (N/A)","0 .. 20,000","00:00 (00:00)","Black Hand Studio","Slitherine Ltd."
"250","Kaptain Brawe: A Brawe New World","Jan 20, 2011","$14.99","N/A (N/A)","0 .. 20,000","00:00 (00:00)","Cateia Games","Cateia Games"
"252","East 73: Magenta Fairytale","Apr 17, 2011","$1.99","N/A (N/A)","0 .. 20,000","00:00 (00:00)","Magenta Factory","Magenta Factory"
"254","The Jolly Gang's Misadventures in Africa / Масяня в полной Африке","Nov 2, 2011","$6.99","N/A (N/A)","0 .. 20,000","00:00 (00:00)","Alawar Stargaze","Alawar Entertainment"
"255","Lonely Yuri","Jun 19, 2011","$9.99","N/A (N/A)","0 .. 20,000","00:00 (00:00)","Night-time Sheep","DLsite"
"259","Drawn: The Painted Tower","Jan 19, 2011","$9.99","N/A (N/A)","0 .. 20,000","00:00 (00:00)","Big Fish Studios","Big Fish Games"
"285","Cargo! The Quest for Gravity","Apr 21, 2011","$9.99","N/A (N/A)","0 .. 20,000","00:00 (00:00)","Ice-Pick Lodge","Ice-Pick Lodge, bitComposer Games, Viva Media, Nordic Games"